handle,title,cdn_src,width,height
new-general-maintenance-50ml,"NEW! General Maintenance 50ml",https://cdn.shopify.com/s/files/1/0602/8427/2688/files/GM.jpg,3024,4032
sceletium-tortuosum-the-happy-place-50ml,"Sceletium tortuosum 'The Happy Place' 50ml",https://cdn.shopify.com/s/files/1/0602/8427/2688/files/IMG_2525.jpg,3024,4032
myco-radiance-skin-perfection,"Myco-Radiance 'skin perfection' 50ml",https://cdn.shopify.com/s/files/1/0602/8427/2688/files/IMG_2524.jpg,3024,4032
relax-no-stress-50ml,"Relax no stress 50ml amber bottle with fast flow dropper cap",https://cdn.shopify.com/s/files/1/0602/8427/2688/files/relaxNstress.jpg,3024,4032
menopause-50ml,"Meno'pause' 50ml",https://cdn.shopify.com/s/files/1/0602/8427/2688/files/meno.jpg,3024,4032
extreme-gut-fix,"Extreme Gut Fix 50ml",https://cdn.shopify.com/s/files/1/0602/8427/2688/files/extremegut.jpg,3024,4032
turkey-tail-mushroom-tincture-30ml,"Turkey Tail Mushroom Tincture (30ml)",https://cdn.shopify.com/s/files/1/0602/8427/2688/files/tt.jpg,3024,4032
turkey-tail-mushroom-elixir-combo-50ml-30ml,"Turkey Tail Mushroom Elixir Combo (50ml+30ml)",https://cdn.shopify.com/s/files/1/0602/8427/2688/files/elixT.jpg,3024,4032
tremella-mushroom-tincture-30ml,"Tremella Mushroom Tincture (30ml)",https://cdn.shopify.com/s/files/1/0602/8427/2688/files/TREM.jpg,3024,4032
tremella-mushroom-elixir-combo-50ml-30ml,"Tremella Mushroom Elixir Combo (50ml+30ml)",https://cdn.shopify.com/s/files/1/0602/8427/2688/files/ELIXTREM.jpg,3024,4032
the-workaholic,"The Workaholic 50ml",https://cdn.shopify.com/s/files/1/0602/8427/2688/files/WORK.jpg,3024,4032
reishi-mushroom-tincture-30ml,"Reishi Mushroom Tincture (30ml)",https://cdn.shopify.com/s/files/1/0602/8427/2688/files/REI.jpg,3024,4032
reishi-mushroom-elixir-combo-50ml-30ml,"Reishi Mushroom Elixir Combo (50ml+30ml)",https://cdn.shopify.com/s/files/1/0602/8427/2688/files/ELIXREI.jpg,3024,4032
pet-elixer-of-life-combo-50ml-30ml,"Pet & Elixer Of Life Combo (50ml+30ml)",https://cdn.shopify.com/s/files/1/0602/8427/2688/files/IMG_2515.jpg,3024,4032
lions-mane-mushroom-tincture-50ml,"Lions Mane Mushroom Tincture (50ml)",https://cdn.shopify.com/s/files/1/0602/8427/2688/files/IMG_2517.jpg,3024,4032
lions-mane-mushroom-tincture-30ml,"Lions Mane Mushroom Tincture (30ml)",https://cdn.shopify.com/s/files/1/0602/8427/2688/files/IMG_2518.jpg,3024,4032
lions-mane-mushroom-elixir-combo-50ml-30ml,"Lions Mane Mushroom Elixir Combo (50ml+30ml)",https://cdn.shopify.com/s/files/1/0602/8427/2688/files/IMG_2519.jpg,3024,4032
elixir-for-pets-tincture-30ml,"ELIXIR For Pets Tincture (30ml)",https://cdn.shopify.com/s/files/1/0602/8427/2688/files/IMG_2516.jpg,3024,4032
cordyceps-mushroom-tincture-30ml,"Cordyceps Mushroom Tincture (30ml)",https://cdn.shopify.com/s/files/1/0602/8427/2688/files/IMG_2520.jpg,3024,4032
cordyceps-mushroom-elixir-combo-50ml-30ml,"Cordyceps Mushroom Elixir Combo (50ml+30ml)",https://cdn.shopify.com/s/files/1/0602/8427/2688/files/IMG_2521.jpg,3024,4032
chaga-mushroom-tincture-30ml,"Chaga Mushroom Tincture (30ml)",https://cdn.shopify.com/s/files/1/0602/8427/2688/files/IMG_2522.jpg,3024,4032
chaga-mushroom-elixir-combo-50ml-30ml,"Chaga Mushroom Elixir Combo (50ml+30ml)",https://cdn.shopify.com/s/files/1/0602/8427/2688/files/IMG_2523.jpg,3024,4032
elixir-of-life-6-mushroom-blend-50ml,"Elixir of life 6 Mushroom Blend (50ml)",https://cdn.shopify.com/s/files/1/0602/8427/2688/files/IMG_2526.jpg,3024,4032
