Handle,Title,Vendor,Product Category,Type,Tags,Published,Variant SKU,Variant Grams,Variant Price,Variant Taxable,Variant Requires Shipping,Status,Note,linked_species (metafield jm.linked_species)
chaga-mushroom-elixir-combo-50ml-30ml,Chaga + Elixir of Life Combo (50 ml + 30 ml),Just Mushrooms,Health & Beauty > Health Care > Fitness & Nutrition > Vitamins & Supplements,Tincture combo,"form:combo, species:chaga, species:lions-mane, species:reishi, species:cordyceps, species:turkey-tail, species:tremella, audience:people, kingdom:fungi",TRUE,JM-COMBO-CHA,220,550.00,TRUE,TRUE,active,Original SKU: chaga-combo01health | original taxable: True | title was: Chaga Mushroom Elixir Combo (50ml+30ml),chaga;lions-mane;reishi;cordyceps;turkey-tail;tremella
chaga-mushroom-tincture-30ml,Chaga Mushroom Tincture (30 ml),Just Mushrooms,Health & Beauty > Health Care > Fitness & Nutrition > Vitamins & Supplements,Tincture,"form:single, species:chaga, audience:people, kingdom:fungi",TRUE,JM-CHA-30,90,255.00,TRUE,TRUE,active,Original SKU: Detox001 | original taxable: True | title was: Chaga Mushroom Tincture (30ml),chaga
cordyceps-mushroom-elixir-combo-50ml-30ml,Cordyceps + Elixir of Life Combo (50 ml + 30 ml),Just Mushrooms,Health & Beauty > Health Care > Fitness & Nutrition > Vitamins & Supplements,Tincture combo,"form:combo, species:cordyceps, species:lions-mane, species:reishi, species:chaga, species:turkey-tail, species:tremella, audience:people, kingdom:fungi",TRUE,JM-COMBO-COR,220,550.00,TRUE,TRUE,active,Original SKU: cordyceps-combo01health | original taxable: True | title was: Cordyceps Mushroom Elixir Combo (50ml+30ml),cordyceps;lions-mane;reishi;chaga;turkey-tail;tremella
cordyceps-mushroom-tincture-30ml,Cordyceps Mushroom Tincture (30 ml),Just Mushrooms,Health & Beauty > Health Care > Fitness & Nutrition > Vitamins & Supplements,Tincture,"form:single, species:cordyceps, audience:people, kingdom:fungi",TRUE,JM-COR-30,90,255.00,TRUE,TRUE,active,Original SKU: Energise01 | original taxable: True | title was: Cordyceps Mushroom Tincture (30ml),cordyceps
elixir-for-pets-tincture-30ml,Elixir for Pets Tincture (30 ml),Just Mushrooms,Health & Beauty > Health Care > Fitness & Nutrition > Vitamins & Supplements,Pet tincture,"form:single, species:reishi, species:turkey-tail, audience:pets, kingdom:fungi",TRUE,JM-PET-30,90,255.00,TRUE,TRUE,active,Original SKU: PetHealth01 | original taxable: True | title was: ELIXIR For Pets Tincture (30ml),reishi;turkey-tail
elixir-of-life-6-mushroom-blend-50ml,Elixir of Life 6-Mushroom Blend (50 ml),Just Mushrooms,Health & Beauty > Health Care > Fitness & Nutrition > Vitamins & Supplements,Tincture,"form:blend, species:lions-mane, species:reishi, species:chaga, species:cordyceps, species:turkey-tail, species:tremella, audience:people, kingdom:fungi",TRUE,JM-EOL-50,130,380.00,TRUE,TRUE,active,Original SKU:  | original taxable: False | title was: Elixir of life 6 Mushroom Blend (50ml),lions-mane;reishi;chaga;cordyceps;turkey-tail;tremella
extreme-gut-fix,Extreme Gut Blend (50 ml),Just Mushrooms,Health & Beauty > Health Care > Fitness & Nutrition > Vitamins & Supplements,Tincture,"form:blend, species:lions-mane, species:chaga, species:turkey-tail, audience:people, kingdom:fungi",TRUE,JM-GUT-50,130,360.00,TRUE,TRUE,active,Original SKU:  | original taxable: False | title was: Extreme Gut Fix 50ml,lions-mane;chaga;turkey-tail
lions-mane-mushroom-elixir-combo-50ml-30ml,Lion's Mane + Elixir of Life Combo (50 ml + 30 ml),Just Mushrooms,Health & Beauty > Health Care > Fitness & Nutrition > Vitamins & Supplements,Tincture combo,"form:combo, species:lions-mane, species:reishi, species:chaga, species:cordyceps, species:turkey-tail, species:tremella, audience:people, kingdom:fungi",TRUE,JM-COMBO-LM,220,550.00,TRUE,TRUE,active,Original SKU: lionsmane-combo01health | original taxable: True | title was: Lions Mane Mushroom Elixir Combo (50ml+30ml),lions-mane;reishi;chaga;cordyceps;turkey-tail;tremella
lions-mane-mushroom-tincture-30ml,Lion's Mane Mushroom Tincture (30 ml),Just Mushrooms,Health & Beauty > Health Care > Fitness & Nutrition > Vitamins & Supplements,Tincture,"form:single, species:lions-mane, audience:people, kingdom:fungi",TRUE,JM-LM-30,90,255.00,TRUE,TRUE,active,Original SKU: Cognitive01 | original taxable: True | title was: Lions Mane Mushroom Tincture (30ml),lions-mane
lions-mane-mushroom-tincture-50ml,Lion's Mane Mushroom Tincture (50 ml),Just Mushrooms,Health & Beauty > Health Care > Fitness & Nutrition > Vitamins & Supplements,Tincture,"form:single, species:lions-mane, audience:people, kingdom:fungi",TRUE,JM-LM-50,130,360.00,TRUE,TRUE,active,Original SKU: brainpower | original taxable: True | title was: Lions Mane Mushroom Tincture (50ml),lions-mane
menopause-50ml,Meno'pause Blend (50 ml),Just Mushrooms,Health & Beauty > Health Care > Fitness & Nutrition > Vitamins & Supplements,Tincture,"form:blend, species:lions-mane, species:reishi, species:cordyceps, audience:people, kingdom:fungi",TRUE,JM-MENO-50,130,360.00,TRUE,TRUE,active,Original SKU:  | original taxable: False | title was: Meno'pause' 50ml,lions-mane;reishi;cordyceps
myco-radiance-skin-perfection,Myco-Radiance Blend (50 ml),Just Mushrooms,Health & Beauty > Health Care > Fitness & Nutrition > Vitamins & Supplements,Tincture,"form:blend, species:tremella, species:reishi, species:chaga, species:shiitake, audience:people, kingdom:fungi",TRUE,JM-RAD-50,130,360.00,TRUE,TRUE,active,Original SKU: None | original taxable: True | title was: Myco-Radiance 'skin perfection' 50ml,tremella;reishi;chaga;shiitake
new-general-maintenance-50ml,General Maintenance Blend (50 ml),Just Mushrooms,Health & Beauty > Health Care > Fitness & Nutrition > Vitamins & Supplements,Tincture,"form:blend, species:turkey-tail, species:lions-mane, species:cordyceps, audience:people, kingdom:fungi",TRUE,JM-GM-50,130,360.00,TRUE,TRUE,active,Original SKU: None | original taxable: True | title was: NEW! General Maintenance 50ml,turkey-tail;lions-mane;cordyceps
pet-elixer-of-life-combo-50ml-30ml,Pets + Elixir of Life Combo (50 ml + 30 ml),Just Mushrooms,Health & Beauty > Health Care > Fitness & Nutrition > Vitamins & Supplements,Tincture combo,"form:combo, species:reishi, species:turkey-tail, species:lions-mane, species:chaga, species:cordyceps, species:tremella, audience:pets, kingdom:fungi",TRUE,JM-COMBO-PET,220,550.00,TRUE,TRUE,active,Original SKU: pet-human-combo01health | original taxable: True | title was: Pet & Elixer Of Life Combo (50ml+30ml),reishi;turkey-tail;lions-mane;chaga;cordyceps;tremella
reishi-mushroom-elixir-combo-50ml-30ml,Reishi + Elixir of Life Combo (50 ml + 30 ml),Just Mushrooms,Health & Beauty > Health Care > Fitness & Nutrition > Vitamins & Supplements,Tincture combo,"form:combo, species:reishi, species:lions-mane, species:chaga, species:cordyceps, species:turkey-tail, species:tremella, audience:people, kingdom:fungi",TRUE,JM-COMBO-REI,220,550.00,TRUE,TRUE,active,Original SKU: reishi-combo01health | original taxable: True | title was: Reishi Mushroom Elixir Combo (50ml+30ml),reishi;lions-mane;chaga;cordyceps;turkey-tail;tremella
reishi-mushroom-tincture-30ml,Reishi Mushroom Tincture (30 ml),Just Mushrooms,Health & Beauty > Health Care > Fitness & Nutrition > Vitamins & Supplements,Tincture,"form:single, species:reishi, audience:people, kingdom:fungi",TRUE,JM-REI-30,90,255.00,TRUE,TRUE,active,Original SKU: Immune01Booster | original taxable: True | title was: Reishi Mushroom Tincture (30ml),reishi
relax-no-stress-50ml,Relax Blend (50 ml),Just Mushrooms,Health & Beauty > Health Care > Fitness & Nutrition > Vitamins & Supplements,Tincture,"form:blend, species:lions-mane, species:reishi, audience:people, kingdom:fungi",TRUE,JM-RELAX-50,130,360.00,TRUE,TRUE,active,Original SKU:  | original taxable: False | title was: Relax no stress 50ml amber bottle with fast flow dropper cap,lions-mane;reishi
sceletium-tortuosum-the-happy-place-50ml,Sceletium tortuosum 'The Happy Place' (50 ml),Just Mushrooms,Health & Beauty > Health Care > Fitness & Nutrition > Vitamins & Supplements,Botanical tincture,"form:blend, species:sceletium, audience:people, kingdom:plant",TRUE,JM-SCE-50,130,360.00,TRUE,TRUE,active,"Original SKU: None | original taxable: True | title was: Sceletium  tortuosum 'The Happy Place"" 50ml",sceletium
the-workaholic,The Workaholic (50 ml),Just Mushrooms,Health & Beauty > Health Care > Fitness & Nutrition > Vitamins & Supplements,Tincture,"form:blend, species:lions-mane, species:cordyceps, audience:people, kingdom:fungi",TRUE,JM-WORK-50,130,360.00,TRUE,TRUE,active,Original SKU: brainpower-stamina | original taxable: True | title was: The Workaholic 50ml,lions-mane;cordyceps
tremella-mushroom-elixir-combo-50ml-30ml,Tremella + Elixir of Life Combo (50 ml + 30 ml),Just Mushrooms,Health & Beauty > Health Care > Fitness & Nutrition > Vitamins & Supplements,Tincture combo,"form:combo, species:tremella, species:lions-mane, species:reishi, species:chaga, species:cordyceps, species:turkey-tail, audience:people, kingdom:fungi",TRUE,JM-COMBO-TRE,220,550.00,TRUE,TRUE,active,Original SKU: tremella-combo01health | original taxable: True | title was: Tremella Mushroom Elixir Combo (50ml+30ml),tremella;lions-mane;reishi;chaga;cordyceps;turkey-tail
tremella-mushroom-tincture-30ml,Tremella Mushroom Tincture (30 ml),Just Mushrooms,Health & Beauty > Health Care > Fitness & Nutrition > Vitamins & Supplements,Tincture,"form:single, species:tremella, audience:people, kingdom:fungi",TRUE,JM-TRE-30,90,255.00,TRUE,TRUE,active,Original SKU: Beauty01 | original taxable: True | title was: Tremella Mushroom Tincture (30ml),tremella
turkey-tail-mushroom-elixir-combo-50ml-30ml,Turkey Tail + Elixir of Life Combo (50 ml + 30 ml),Just Mushrooms,Health & Beauty > Health Care > Fitness & Nutrition > Vitamins & Supplements,Tincture combo,"form:combo, species:turkey-tail, species:lions-mane, species:reishi, species:chaga, species:cordyceps, species:tremella, audience:people, kingdom:fungi",TRUE,JM-COMBO-TT,220,550.00,TRUE,TRUE,active,Original SKU: turkey-tail-combo01health | original taxable: True | title was: Turkey Tail Mushroom Elixir Combo (50ml+30ml),turkey-tail;lions-mane;reishi;chaga;cordyceps;tremella
turkey-tail-mushroom-tincture-30ml,Turkey Tail Mushroom Tincture (30 ml),Just Mushrooms,Health & Beauty > Health Care > Fitness & Nutrition > Vitamins & Supplements,Tincture,"form:single, species:turkey-tail, audience:people, kingdom:fungi",TRUE,JM-TT-30,90,255.00,TRUE,TRUE,active,Original SKU: Anti-Oxidant01 | original taxable: True | title was: Turkey Tail Mushroom Tincture (30ml),turkey-tail
